Heating,Cooling
25.9574555092665,27.6386192371431
